id;first_name;last_name;sexe;email;tel
1;Athanase;Marie;F;Amde.Thomas@yahoo.fr;port Picardie experiences
2;Michel;Julien;M;Pnlope.Lambert@gmail.com;Awesome vortals a
3;Edmond;Blanc;F;Andr47@yahoo.fr;Tools
4;Roselin;Leclerc;F;Athina.Caron11@yahoo.fr;Designer
5;Agapet;Blanchard;F;Ella_Olivier@gmail.com;Soap
6;Fanny;Nguyen;F;Claire_Fleury80@yahoo.fr;AI de bypassing
7;Anatole;Marchand;M;Andre.Vasseur@yahoo.fr;Naira Handmade programming
8;Gwenaëlle;Leclercq;F;Clarence_Roussel@gmail.com;alliance
9;Frédéric;Moreau;F;Lonie_Nguyen@hotmail.fr;pink IB
10;Arnould;Gaillard;F;Emmelie56@hotmail.fr;Auvergne
