id;first_name;last_name;email;tel;fonction
1;Pauline;Mathieu;Camille52@hotmail.fr;synthesize compressing;multi-byte Administrateur
2;Geneviève;Dumont;Manon39@hotmail.fr;XSS;Market a
3;Scholastique;Leclerc;Silvre_Leroy7@hotmail.fr;iterate;online Account global
4;Hector;Vidal;Johan_Lopez95@gmail.com;Licensed;uniform content
5;Adéodat;Royer;dith41@gmail.com;Metal Wooden back-end;Avon online
6;Ariane;Moulin;Alose90@yahoo.fr;Multi-layered Hryvnia;orange
7;Lucas;Fontaine;Alos78@yahoo.fr;Chair b;Bike payment Borders
8;Palémon;Julien;Eulalie62@hotmail.fr;Plastic Small;Automotive Fantastic Ball
9;Gaëlle;Dupont;Renaud.Gerard@yahoo.fr;Gorgeous b;Cambridgeshire Cotton
10;Tonnin;Sanchez;Nicolas_Jacquet@hotmail.fr;bluetooth;Rubber b Soap
